Username,Created_at,ID,Text,RetweetCount,Name,Location,URL,Description,TweetCount,FollowersCount,FriendsCount,Hashtags,mentions
Tokknemo,2017-03-03 01:37:50,837477081122553856,RT @The_Glitterman: Just cant stop with pics of my cats.. #Sorrynotsorry #CatsOfTwitter #cat https://t.co/OgwvIzDBdz,48,Justin,"Campbell, California, USA",https://t.co/Z07ODKf5u0,,2638,24,535,"Sorrynotsorry,CatsOfTwitter,cat",The_Glitterman
Cronistalibros,2017-03-03 01:37:39,837477033504620544,@No_Its_Isis @IsaCantos Yo leo los libros ajenos #Sorrynotsorry Un poquito para ver de qu√© es üôàüòÇ,0,Cronista de libros,Uruguay,https://t.co/LooFzYow6l,"Estudiante de dise√±o gr√°fico. Booktuber. Bookaholic. Gryffindor de la casa Stark. Edena Ruh, pero de verdad. üì©contactocdl.uy@gmail.com",4036,266,98,Sorrynotsorry,"No_Its_Isis,IsaCantos"
agentbubbles_,2017-03-03 01:37:26,837476979209195521,Wala namang bago dun sa Green Light. Typical Lorde. She's like a catchy Lana Del Rey tbh. Hate them both. #sorrynotsorry,0,A Girl is Ara Stark,mythical world of mermaids,None,I'm pretty sure I'm a mermaid.,7279,238,400,sorrynotsorry,
DylanMGregoire,2017-03-03 01:37:12,837476923089506304,"I'm trying to change, and if I hurt a few people doing so... #sorrynotsorry",0,ü§òüèªP√∏≈°t Grƒôg≈° ‚§µÔ∏è,Sunny LA ‚òÄÔ∏è,None,Hannah in the streets. Miley in the sheets. #FlyEaglesFly #SBSBü§òüèª‚§µÔ∏è #TeamUgly,28072,992,474,sorrynotsorry,
rCystalClearHI,2017-03-03 01:36:36,837476772409184256,RT @The_Glitterman: Just cant stop with pics of my cats.. #Sorrynotsorry #CatsOfTwitter #cat https://t.co/OgwvIzDBdz,48,Crystal Clear,"Jacksonville, Florida",http://t.co/jdYEy8Lcon,Hawaii-based  company helping clients create and implement communications strategies that  are crystal clear.,1495,29,633,"Sorrynotsorry,CatsOfTwitter,cat",The_Glitterman
angmsorensen,2017-03-03 01:35:56,837476602288214016,yeah if i find out who hit my car im cutting off his genitals #sorrynotsorry https://t.co/KLVCTh7JV1,0,Angelina Sorensen,MHS,https://t.co/R6p2DFj1Xy,I Am The Walrus,18534,481,480,sorrynotsorry,
joycemaarie,2017-03-03 01:35:52,837476585875914756,Como si tener un hombre a su lado fuese tan necesario como respirar #sorrynotsorry https://t.co/ZQtURABaAf,0,Joyc√©,Puerto Rico,None,,29025,319,228,sorrynotsorry,
taohsr,2017-03-03 01:34:11,837476163941502976,RT @The_Glitterman: Just cant stop with pics of my cats.. #Sorrynotsorry #CatsOfTwitter #cat https://t.co/OgwvIzDBdz,48,Sungjee,"Raleigh, North Carolina",http://t.co/z5C2WsXKty,"He has made everything beautiful in   time
(Ecclesiastes 3:11)",578,18,951,"Sorrynotsorry,CatsOfTwitter,cat",The_Glitterman
treday216,2017-03-03 01:34:03,837476128797442049,"RT @Nubianreine_: We are NOT EQUAL, I deff feel like blacks are superior to white people #SorryNotSorry",1,Geechi,Black n a white mans Territory,https://t.co/MrzrY9u0lS,|20| It aint no gun they make that can kill my soul.,6296,158,112,SorryNotSorry,Nubianreine_
brookemoore_,2017-03-03 01:33:45,837476054700797952,"when your pup is tired of selfiesü§∑üèº‚Äç‚ôÄÔ∏è
#sorrynotsorry https://t.co/VXvI7xoSKh",0,brookemoore,,None,"a small stream, breaking forth",4420,221,73,sorrynotsorry,
Wills_247,2017-03-03 01:33:10,837475905186459648,If my female flatmate is gonna scream the flat down and throw stuff around i am going to have to tranquillise her #SorryNotSorry,0,William Montgomery,Northern Ireland,None,"21,  Linfield Football Club, Northern Ireland. üá¨üáß Joe Garner",19702,544,370,SorryNotSorry,
rachelsklar,2017-03-03 01:33:02,837475874677084160,I just want this interview to go on and on and on. Though Carter Page looks like he wouldn't mind Russian. #sorrynotsorry #punsbetterspoken,0,((( Rachel Sklar ))),"√úT: 40.767922,-73.987568",https://t.co/vMCR3tP4aP,"Media addict on the loose. Feminism/Showtunes. Founder #ChangeTheRatio & @TheList. Former lawyer, lifelong Canadian, single mom. Nevertheless she persisted.",79768,59294,7794,"sorrynotsorry,punsbetterspoken",
LCT_conf,2017-03-03 01:33:01,837475868591022080,We're finalising the workshops for LCTC2. You'll have a really hard time choosing which to go to. #sorrynotsorry https://t.co/LUASzkfZRa,0,LCTC2,Sydney 3-7 July 2017,https://t.co/5T0oMYPXMu,Second International Legitimation Code Theory Conference Abstract submissions now open on website!,102,128,255,sorrynotsorry,
zcxtmrae,2017-03-03 01:32:59,837475859439083520,RT @The_Glitterman: Just cant stop with pics of my cats.. #Sorrynotsorry #CatsOfTwitter #cat https://t.co/OgwvIzDBdz,48,Zcxtream,Maine,https://t.co/1TATHJeqJG,Musician/ future,729,19,223,"Sorrynotsorry,CatsOfTwitter,cat",The_Glitterman
JCavese,2017-03-03 01:31:54,837475587585363968,@blondie32gg nope as long as I'm haunted so will the perpetrator be. #sorrynotsorry,0,Julie Cavese,"Buffalo, NY",None,"WNY Native, Cancer/Colitis/Fibro Fighter, Outdoor/Animal/Music Lover, Disability Advocate, Community Volunteer, Traveler. Dream: To see North America in an RV.",17057,3479,4999,sorrynotsorry,blondie32gg
Rshield27s,2017-03-03 01:31:53,837475583114108928,RT @The_Glitterman: Just cant stop with pics of my cats.. #Sorrynotsorry #CatsOfTwitter #cat https://t.co/OgwvIzDBdz,48,Regina,Connecticut,None,"& Founder of Free Truth Enterprise Public  Speaker, Appearance and Engagements.
BOOKING CONTACT:  RSHIELDS@FREETRUTHENTERPISE.ORG or 513-801-9159, mgr",504,21,676,"Sorrynotsorry,CatsOfTwitter,cat",The_Glitterman
JocyChandler,2017-03-03 01:31:53,837475582715838471,I'm the type of girl that wakes u up @ 12am and asks to go for a late night walk üòÇ #sorrynotsorry,0,Jocelyn,Places‚úà,None,"Junior/
Wanna go on an adventure with me? ‚úå",548,82,240,sorrynotsorry,
___jcastro,2017-03-03 01:31:31,837475490495606785,@_sammmmiii @MontyFritts #sorrynotsorry,0,Jen,,None,M‚ù£Ô∏è,45781,1323,912,sorrynotsorry,"_sammmmiii,MontyFritts"
Mira_Bela_S,2017-03-03 01:31:30,837475486351691776,"@rapscallionRest Darn, if only I didn't just stuff my face with mmmm üåÆ tacos at your brother @TheMuleTacos :D‚Ä¶ https://t.co/5IGX8Hv9Xc",0,Mira Bela S,"Hamilton, Ontario",None,"Educator, photographer, gourmand, foreign language & movie passionate, volunteer, lover of all things awesome and proud #HamOnt & ward 1 resident üá®üá¶üá∑üá¥üè°",794,87,878,,"rapscallionRest,TheMuleTacos"
hpilpowre,2017-03-03 01:30:42,837475288254656512,RT @The_Glitterman: Just cant stop with pics of my cats.. #Sorrynotsorry #CatsOfTwitter #cat https://t.co/OgwvIzDBdz,48,Philip Power (),New Jersey,http://t.co/z4fdC9RDGz,"-savvy Learning & Development Professional: Optimize  performance, ROI and business impact",1206,33,985,"Sorrynotsorry,CatsOfTwitter,cat",The_Glitterman
AA_ale,2017-03-03 01:30:32,837475246315814912,"Yo tan Mo√´t, vos tan Frizz√©... #SorryNotSorry ü§∑üèª‚Äç‚ôÇÔ∏è",0,Alejandro A.,,None,See heaven's got a plan for you... ü§ôüèª,50855,324,467,SorryNotSorry,
pcmv__,2017-03-03 01:29:58,837475102094667776,"RT @jvnme_: No me dejo de nada, ni de nadie #sorrynotsorry",15,Paula Cristina üåô,Puerto Rico,None,sc~ pcmv1299,2913,194,447,sorrynotsorry,jvnme_
luciaconsuelo2,2017-03-03 01:29:49,837475063456804865,RT @PaulaSosa12345: Micheille le gan√≥ a todas #sorrynotsorry,3,lucialvz,"Piura, Peru",None,"Ing.civilüíì
üíØ% michilovers",6096,179,583,sorrynotsorry,PaulaSosa12345
KevvyGillikni,2017-03-03 01:29:42,837475034713055232,RT @The_Glitterman: Just cant stop with pics of my cats.. #Sorrynotsorry #CatsOfTwitter #cat https://t.co/OgwvIzDBdz,48,Kevin Gillikin,"New York, New York",http://t.co/raRljVttGo,Denver DJ @JamminDJs Managing Editor/Writer @ ://cover32.com¬† for  the @Browns. Blogger/Writer/@Broncos/@Rockies/DJ,2168,45,1193,"Sorrynotsorry,CatsOfTwitter,cat",The_Glitterman
tLAINE_,2017-03-03 01:28:54,837474834279972864,RT @_brittney_kay: I actually really love  Selena and The Weeknd together. #sorrynotsorry,52,Tayy,st petes,None,scorpio,16002,1073,479,sorrynotsorry,_brittney_kay
BiheSizeBeliesf,2017-03-03 01:28:20,837474690218217472,RT @The_Glitterman: Just cant stop with pics of my cats.. #Sorrynotsorry #CatsOfTwitter #cat https://t.co/OgwvIzDBdz,48,Damon,"Central Florida, Orlando Area",http://t.co/bdN2xdty4X,"LDS, volunteer seminary teacher, entrepreneur, software engineer, sailor, father of 5 great children, husband of  best wife in the  world.",2543,49,899,"Sorrynotsorry,CatsOfTwitter,cat",The_Glitterman
cdnkyak,2017-03-03 01:27:51,837474570886070278,@NBCTheVoice @Its_BRoyal @gwenstefani Great steal!! When Brandon sets the stage on üî•üî•üî• let it BURN!! #SorryNotSorry   #VoicePremiere,0,Cdnkyak,T-Dot & Carriacou Gda,None,"Ask me a question, and I will tell no lies...",422,38,162,"SorryNotSorry,VoicePremiere","NBCTheVoice,Its_BRoyal,gwenstefani"
shaneeisme,2017-03-03 01:27:18,837474430846701568,üçïüòç #pizzarewards #yespineappleisagoodtopping #sorrynotsorry https://t.co/1HZBa17ERO,0,Yolanda,NC,None,,17451,72,197,"pizzarewards,yespineappleisagoodtopping,sorrynotsorry",
ojhndpattno,2017-03-03 01:27:12,837474405731160066,RT @The_Glitterman: Just cant stop with pics of my cats.. #Sorrynotsorry #CatsOfTwitter #cat https://t.co/OgwvIzDBdz,48,John D.,"Mormonville, Utah",None,", Photographer,  Enthusiast.",2636,30,1128,"Sorrynotsorry,CatsOfTwitter,cat",The_Glitterman
BiteMe104,2017-03-03 01:26:49,837474310843482113,When people change you and end up seeing your worst. #SorrynotSorry,0,Lisa,,None,"Swallowed words act like caustic acids, eating at our gut. Paul Rogat Loeb",7022,176,285,SorrynotSorry,
hometownhockey_,2017-03-03 01:26:32,837474237069721600,@MedicineHatNews #sorrynotsorry,0,Hometown Hockey,Across Canada,http://t.co/QghVdVLXul,Celebrate our community. Celebrate our game. Ron MacLean shares stories as he travels the country with the Rogers Hometown Hockey Tour.,13144,29157,581,sorrynotsorry,MedicineHatNews
brittanytschida,2017-03-03 01:26:17,837474173224169473,@morgxelizabeth @Nateviberg @CmarieT43 @SydneyMiller23 #sorrynotsorryüíÅüèª,0,britt,,None,,591,95,159,sorrynotsorry,"morgxelizabeth,Nateviberg,CmarieT43,SydneyMiller23"
MyriJTnd,2017-03-03 01:26:10,837474146242088960,RT @The_Glitterman: Just cant stop with pics of my cats.. #Sorrynotsorry #CatsOfTwitter #cat https://t.co/OgwvIzDBdz,48,Myrdin,Northern Virginia,https://t.co/MK8UnWQbP2,Writer / @MichaelJFoxOrg  @TeamFox  & Ultra-marathoner/ @charitymiles All Star Athlete,907,18,487,"Sorrynotsorry,CatsOfTwitter,cat",The_Glitterman
RiddlewpmSheri,2017-03-03 01:25:53,837474075647823872,@onr1985d @chelseahandler being negative??? Are you kidding me. I'm done standing by while these morons trash our country! #sorrynotsorry,0,Sheri,Marco Island Fl,None,"Mother of 4 boys, huge Trump supporter! spread love not hate",10005,297,209,sorrynotsorry,"onr1985d,chelseahandler"
TheDoctorBill,2017-03-03 01:25:45,837474042303156224,"@goldengateblond 

This is EXACTLY how I feel about Big Bang Theory #sorrynotsorry",0,üî¨Doctor Billüî¨,USA,None,A doctor called Bill in the USA https://t.co/niFVifcnfW,8800,348,565,sorrynotsorry,goldengateblond
mother_runner_,2017-03-03 01:25:40,837474019888742400,"Wasn't supposed to be a run day for me, but I grabbed a short 1.25 on the TM at the gym this morning. #sorrynotsorry",0,Leslie,"Tennessee, USA",None,‚Ä¢wife‚Ä¢mother‚Ä¢grandmother‚Ä¢run‚Ä¢gym‚Ä¢food‚Ä¢,2972,1187,795,sorrynotsorry,
F16B,2017-03-03 01:25:25,837473957989257216,There never IS a good time to impose a travel ban. #sorrynotsorry https://t.co/aE0E5VnAYh,0,Fighting Falcon,,None,Politics and Olympics junkie.,2369,92,78,sorrynotsorry,
Cristelittaaa_,2017-03-03 01:24:49,837473807438761984,"RT @Aylinnxoxo: Everyone is on like baby #2 and I'm still trying to figure out if I even like people lol. 
#sorrynotsorry",1,cristel.,"slc ,ut ‚ú®",None,Gemini. SC: cristelg80,12406,639,287,sorrynotsorry,Aylinnxoxo
psimonmubic,2017-03-03 01:23:47,837473544930013184,RT @The_Glitterman: Just cant stop with pics of my cats.. #Sorrynotsorry #CatsOfTwitter #cat https://t.co/OgwvIzDBdz,48,Parker,Missoula Montana & Los Angeles,https://t.co/hQdxUHSmWy,‚Ä¢ singer/songwriter ‚Ä¢ musician ‚Ä¢ neonatologist ‚Ä¢ Instagram:  psimonmusic & Facebook: Parker Simon,639,23,622,"Sorrynotsorry,CatsOfTwitter,cat",The_Glitterman
Nanethee,2017-03-03 01:23:20,837473433890000896,Y no solo pendeja tambi√©n fea üòä #Sorrynotsorry https://t.co/Zm6HShPizq,0,Ojos Color Sol üêº,,https://t.co/NsMXNXXYFr,"Divina, divina sonrisa, abrazo de Luna de Luna llena ‚ù§

Amante del derecho y los pandas.",21846,664,257,Sorrynotsorry,
johnscitmth,2017-03-03 01:22:39,837473259121750016,RT @The_Glitterman: Just cant stop with pics of my cats.. #Sorrynotsorry #CatsOfTwitter #cat https://t.co/OgwvIzDBdz,48,John,"Simsbury, Connecticut",https://t.co/aeuV2k7oWG,"Songwriter, Musician, MA in Education from Columbia , 2014 Buffalo Marathon Finisher, walked the Camino de Santiago  in '13. Proudly from Buffalo, NY",494,23,327,"Sorrynotsorry,CatsOfTwitter,cat",The_Glitterman
SensualHospita1,2017-03-03 01:22:22,837473188003053568,"@RimEstLa je veux un certificat svp, merci ! #sorrynotsorry",0,SensualHospital,,None,,5,1,25,sorrynotsorry,RimEstLa
ssjaipom,2017-03-03 01:21:38,837473003420147712,I'm So Original it hurts #SorryNotSorry https://t.co/2JSpPrIF6E,0,SSjaipom,"Bronx, NY",https://t.co/S4wIcRM9gE,Booking: harveydeuxmusic@gmail.com   IG: harveydeuxwcmg   Youtube Gaming channel: https://t.co/M3NqYCusUZ,1608,499,197,SorryNotSorry,
Telecom4Jeynn,2017-03-03 01:21:27,837472956741713921,RT @The_Glitterman: Just cant stop with pics of my cats.. #Sorrynotsorry #CatsOfTwitter #cat https://t.co/OgwvIzDBdz,48,Al H Numanlia-Wone,New York City | Worldwide,http://t.co/00osiWtiaw,"Former Telecom Senior Management  role with Jenny Craig.  I'm now handling all IT responsibilities (on a volunteer basis), and corporate sales for , Inc.",2154,88,1217,"Sorrynotsorry,CatsOfTwitter,cat",The_Glitterman
PoFoSho,2017-03-03 01:21:06,837472869181452288,#sorrynotsorry the alpha vamp is badass. #justsayin #Supernatural #TheRaid #spnfamily #ketchisnotfetch,0,Stacey,USA,None,Sister. Daughter. Friend. Lover of kitties and ponies.,2721,72,356,"sorrynotsorry,justsayin,Supernatural,TheRaid,spnfamily,ketchisnotfetch",
c_gsuru,2017-03-03 01:20:21,837472680400076800,RT @The_Glitterman: Just cant stop with pics of my cats.. #Sorrynotsorry #CatsOfTwitter #cat https://t.co/OgwvIzDBdz,48,Creative Gurus,New York City,https://t.co/ktiaEu1ALo,"We are innovative experts in the outsourcing field, partnering with business owners in achieving the maximum  potential of their business.  us today!",1312,24,650,"Sorrynotsorry,CatsOfTwitter,cat",The_Glitterman
adinasaenz,2017-03-03 01:20:15,837472655766872065,RT @JorgitoPB: Es porque ya cargas con el tuyo. #SorryNotSorry https://t.co/Z7gEtNMXqr,1,Adina Edith,Panam√°,https://t.co/Z7JjTwNnCR,üåñüåóüåòüåëüåíüåìüåî,70436,1035,338,SorryNotSorry,JorgitoPB
urfavashh,2017-03-03 01:20:14,837472654487666690,RT @_dollyymimi: A girl having sex with EVERY single boy she talks to or dates is a hoe #sorrynotsorry it's not cute nor helping you,52,A$hleigh‚ôõ‚Ä¢,"broward,FL",https://t.co/ZuDCoka3DZ,ü•Ä,4772,160,144,sorrynotsorry,_dollyymimi
PowellScanlon,2017-03-03 01:19:31,837472473214038016,I promise you that I abhor violence but this still makes me chuckle #sorrynotsorry https://t.co/SyJSuuMjWk,0,Taiwo S Scanlon,"District of Columbia, USA",None,,91,9,142,sorrynotsorry,
GoSnowWest,2017-03-03 01:19:05,837472364296343553,Is it bad that we're loving the forecast?! We are not ready for the snow to leave us yet! #sorrynotsorry https://t.co/MZT7HGh9X8,0,Snow West,"Western Newfoundland, Canada",https://t.co/aqrcQWWaJN,"Crisp air mornings, rugged afternoons and toasty evenings | A Celebration of Winter in Western Newfoundland! | January - March 2017",545,380,251,sorrynotsorry,
mrsgoolg1e,2017-03-03 01:18:59,837472338035671041,RT @The_Glitterman: Just cant stop with pics of my cats.. #Sorrynotsorry #CatsOfTwitter #cat https://t.co/OgwvIzDBdz,48,Heather Goggins,Nevada,http://t.co/JAnxbCNFEI,"Elementary Library Media Specialist, Mom,  lifelong learner,  graduate",2457,48,72,"Sorrynotsorry,CatsOfTwitter,cat",The_Glitterman
danmckenziico,2017-03-03 01:17:54,837472063690420225,RT @The_Glitterman: Just cant stop with pics of my cats.. #Sorrynotsorry #CatsOfTwitter #cat https://t.co/OgwvIzDBdz,48,Dan,New York City,http://t.co/3Wigoo2F4m,Denver attorney specializing in estate planning and  business counsel. Dedicated to helping people appreciate the need  for a good plan.,1353,53,756,"Sorrynotsorry,CatsOfTwitter,cat",The_Glitterman
alltvallshade,2017-03-03 01:17:39,837472002931888129,"With @adamlevine as ringmaster, they don't even need Carson Daly. #SorryNotSorry #VoiceBlinds",0,Richard,TV Land,http://t.co/n1pO3xUil0,The only thing Richard Simms loves more than TV is tweeting about TV. And French fries. Opinions are mine and mine alone.,31650,2705,2858,"SorryNotSorry,VoiceBlinds",adamlevine
Irishearto,2017-03-03 01:17:26,837471947034275840,RT @The_Episiarch: Sorry (not sorry) #kemono_friends #„Åë„ÇÇ„ÅÆ„Éï„É¨„É≥„Ç∫ #sorrynotsorry https://t.co/wOJoHtHzGK,45,Whiskey-San,,None,,76,13,86,"kemono_friends,„Åë„ÇÇ„ÅÆ„Éï„É¨„É≥„Ç∫,sorrynotsorry",The_Episiarch
ElginAcademy,2017-03-03 01:17:03,837471850313703426,RT @gailbrdnlibrary: We're just stuck on all things #DrSeuss today :) #canthelpit #sorrynotsorry #Qotd https://t.co/5QofJCawgZ,1,ElginAcademy,Elgin Illinois,http://t.co/rsjfA7DcWr,Taking Learning Personally,3342,391,277,"DrSeuss,canthelpit,sorrynotsorry,Qotd",gailbrdnlibrary
Ronelimar,2017-03-03 01:16:40,837471756331978752,#VanderpumpRules would be so much better without @kristendoute and @stassi for real. #SorryNotSorry,0,Lisa Marie,"Annapolis, MD",None,,1678,32,141,"VanderpumpRules,SorryNotSorry","kristendoute,stassi"
Nubianreine_,2017-03-03 01:16:05,837471609367769090,"We are NOT EQUAL, I deff feel like blacks are superior to white people #SorryNotSorry",1,Quoya‚ôçÔ∏è,,None,Mistakes are painful....but they're the only way to find out who you REALLY are üíÅ,21697,339,343,SorryNotSorry,
jaitothemee,2017-03-03 01:15:55,837471564882825216,43 minute &amp; 58 second call w/my sister and all I did was rant about my significant others mom. #sorrynotsorry #noreallysorry üòû #lawdhelpme,0,just a girl,"Azzz, USA",None,¬Ø\_(„ÉÑ)_/¬Ø,1284,7,30,"sorrynotsorry,noreallysorry,lawdhelpme",
savidli,2017-03-03 01:15:22,837471427875872768,RT @The_Glitterman: Just cant stop with pics of my cats.. #Sorrynotsorry #CatsOfTwitter #cat https://t.co/OgwvIzDBdz,48,David,Hawaii,None,Internet and   Entrepreneur and Investor,1673,48,839,"Sorrynotsorry,CatsOfTwitter,cat",The_Glitterman
AndreaPRM12,2017-03-03 01:15:21,837471425510404096,RT @PaulaSosa12345: Micheille le gan√≥ a todas #sorrynotsorry,3,Andrea R.,Per√∫,None,"Podr√≠a caerle bien a todo el mundo y ser un amor de persona, pero prefiero decir lo que pienso .. ESCORPIO!!.. Apoyo a la bella y talentosa @MicheilleSoifer ‚ù§",124547,4827,1439,sorrynotsorry,PaulaSosa12345
nikkifleischer_,2017-03-03 01:15:10,837471375585656833,RT @saramcgowan02: #sorrynotsorry https://t.co/ZFFuNio3FK,23,nikki,,None,,3476,472,425,sorrynotsorry,saramcgowan02
unjobbmr,2017-03-03 01:14:00,837471083699781632,RT @The_Glitterman: Just cant stop with pics of my cats.. #Sorrynotsorry #CatsOfTwitter #cat https://t.co/OgwvIzDBdz,48,Maria,New York City,http://t.co/L7YFWhF7Lc,"Radical  unschooling advocate; writer, marketer, graphic designer; organic enthusiast. Self-reliant unjobbing ; reputation for being a YES-girl",1691,46,962,"Sorrynotsorry,CatsOfTwitter,cat",The_Glitterman
debraweber5,2017-03-03 01:13:30,837470958973767680,"@agearan @KatyTurNBC @washingtonpost ""profile"" is not his best angle. #sorrynotsorry",0,debra weber,NYC and NJ,None,"Wardrobe supervisor for theater, tv and film. Artisanal and locally sourced costume person. Sleep is highly overrated. I'm sure everything is my fault somehow.",4077,404,204,sorrynotsorry,"agearan,KatyTurNBC,washingtonpost"
iampatsky,2017-03-03 01:12:57,837470817982128128,"Affected lang ko kay duol kos printer, okay. Please handle the printer with care. #sorrynotsorry https://t.co/ylMQj8b1fe",0,Patricia,"Cebu, Pi ",None,A walking contradiction.,27172,339,285,sorrynotsorry,
darr2ecln,2017-03-03 01:12:42,837470754702753794,RT @The_Glitterman: Just cant stop with pics of my cats.. #Sorrynotsorry #CatsOfTwitter #cat https://t.co/OgwvIzDBdz,48,Darren,Massachusetts,None,",car enthusiast,adenaline  junkie,mechanic,animal lover",455,27,149,"Sorrynotsorry,CatsOfTwitter,cat",The_Glitterman
icejjfish02,2017-03-03 01:12:30,837470708359921669,Yo it's not my fault if your grandma gets loads of cock all over her at this party #SorryNotSorry,0,Chris,La-florida,https://t.co/5jUbleNvMS,Open her up like a taxidermist,448,185,209,SorryNotSorry,
canuck4liberty,2017-03-03 01:12:05,837470601698664450,"@PREDStotheCAP curfew, shame on me. There's no 3rd chance Radulov, at least for me. #SorryNotSorry",0,Johnny De Silveira,"Vancouver, British Columbia",https://t.co/CVpkPHwGYI,"Featured on #FirstDatesCan/S1. #ThisIsUs recap writer. Love God & family. Loyal @Reba, @PredsNHL, @Titans, #NDIrish & @Dbacks fan. #RHAP & #PSRecaps enthusiast.",45823,1769,758,SorryNotSorry,PREDStotheCAP
blissfulrollins,2017-03-03 01:11:55,837470559973818368,@ItsHugMania Sorry! But I only believe in @MiniSashaBanks predictionsüò¨üò¨üòÇ #SorryNotSorry,0,Hayley,"Charlotte, NC",None,"Probably doing something WWE related or sleeping at this moment.. // Alexa Bliss, Bayley, Seth Rollins, Sasha Banks‚úåüèºÔ∏è",66,11,14,SorryNotSorry,"ItsHugMania,MiniSashaBanks"
thatsdopeash,2017-03-03 01:11:41,837470500792102912,I unfollow anyone who sends auto replies to my inbox #sorrynotsorry,0,Ashley McCormick,"I'm in LA, trick. ",https://t.co/cSQQGX0OQm,Mgmt: @djehutithepoet | I book artists with @VeliBrand & work on @Ridiculousness|More dope things I do:@the87am @apliiq @Crashletes @WFAFootball @StonewallYDems,5960,868,410,sorrynotsorry,
joncallmicus,2017-03-03 01:11:34,837470471478202368,RT @The_Glitterman: Just cant stop with pics of my cats.. #Sorrynotsorry #CatsOfTwitter #cat https://t.co/OgwvIzDBdz,48,Jon,"Cleveland, Ohio",https://t.co/QVlHqlSfUN,"If folk, jazz,  and reggae all ran through stop  signs and collided, Jon Call would very well be the result of that crash.",1143,26,603,"Sorrynotsorry,CatsOfTwitter,cat",The_Glitterman
JorgitoPB,2017-03-03 01:11:28,837470446828339201,Es porque ya cargas con el tuyo. #SorryNotSorry https://t.co/Z7gEtNMXqr,1,Y-1000,"Panam√°, brisas norte",None,"A veces es mejor cerrar la boca y parcer idiota, que abrirla y demostrar que lo eres",125853,1644,523,SorryNotSorry,
causicgeffetc,2017-03-03 01:10:17,837470148000899072,RT @The_Glitterman: Just cant stop with pics of my cats.. #Sorrynotsorry #CatsOfTwitter #cat https://t.co/OgwvIzDBdz,48,Causing,Arizona,http://t.co/T1dywLXh9U,Causing Effect is a brand and web development company  makes premium websites and  ExpressionEngine add-ons. Run by @aaronwaldon,2203,41,869,"Sorrynotsorry,CatsOfTwitter,cat",The_Glitterman
andrea_olra,2017-03-03 01:10:15,837470139188674560,o mini vestidos #SorryNotSorry https://t.co/E89ide74HK,0,Andy lo explica todo,Muy lejos de ti,None,"Futura ingeniera aeron√°utica, BAILARINA, amante de la ortograf√≠a, cantante de regadera, socialista corrompida, socialmente retra√≠da y con la autoestima herida",50230,306,190,SorryNotSorry,
odetotrench,2017-03-03 01:10:03,837470091415597056,RT @MaddyMiranda: Is there a word for when you know you're supposed to be sorry but you're so not? #SorryNotSorry,2,tamara | 59 | 176,,None,üíñ october 3rd 2016 üíñ,74553,512,20,SorryNotSorry,MaddyMiranda
JimmRet,2017-03-03 01:09:43,837470005696548864,"Give up #craftbeer for lent? Yeah, I'm not that religious. #sorrynotsorry https://t.co/9KwpOn4Y53",0,Jimm Retling,,https://t.co/9Ngg4V6OAa,"Artist, Dad, Beer Enthusiast, Cat Person, Photographer, Videographer - By following me, you represent that you're over 21 years of age.",16746,1745,1822,"craftbeer,sorrynotsorry",
TayolJ,2017-03-03 01:09:14,837469882946105344,RT @The_Glitterman: Just cant stop with pics of my cats.. #Sorrynotsorry #CatsOfTwitter #cat https://t.co/OgwvIzDBdz,48,Taylor,Maryland,https://t.co/Elc8kSCjsb,YouTuber. Pianist. Coffee Enthusiast. I post  covers/vlogs each week. Check out  my channel:,764,23,596,"Sorrynotsorry,CatsOfTwitter,cat",The_Glitterman
_iAmWINNING,2017-03-03 01:09:07,837469855502716929,Can't wait to blow 20 candles off your bitches' back for my birthday üòÇüéâ #sorrynotsorry,0,saaid absie,"New Albany, OH",None,"Outrageously, contagiously, optimistic and resilient entrepreneur who plans to create his own multi-million dollar enterprise empire. THE OSU '19",41574,2409,223,sorrynotsorry,
barbaraamigon,2017-03-03 01:08:49,837469778952486912,Como cuando cumples 8 meses de relaci√≥n y a los dos se les olvida. #sorrynotsorry,0,Barbs.,"M√©xico, City. UNAM",None,Modelaje en Bravo Model M√©xico. Escuela de personalidad y modelaje Condesa Models.,8134,524,1237,sorrynotsorry,
JanayahPereira1,2017-03-03 01:08:18,837469649285492736,RT @MissCheddie1: Im.glad he blocked me Id rather stop watching Days than see him coming back as Will #Sorrynotsorry,1,Janayah Pereira,,None,#NBA #NFL #HipHopRapRNBOldSkoo #SomeMovies #Cheddie #Hernandez #LilAri #Chabi #PaulSon frmDays kiwiBornSamoan/Portueguse #LoveMyFamilia :-),12990,462,1325,Sorrynotsorry,MissCheddie1
Angthephotogirl,2017-03-03 01:08:00,837469575482572801,"Pre show and post show, I'm shipping tf outta this. üíôüíõ #ArchieComics #JugheadAndBetty #CWRiverdale #Riverdale‚Ä¶ https://t.co/CmQotHUN2H",0,Angelyn Rosario,"Brooklyn, NY",https://t.co/dqA17rAF9Q,I solemnly swear I'm up to shenanigans.,366,45,70,"ArchieComics,JugheadAndBetty,CWRiverdale,Riverdale",
TheRealDOM_YNC,2017-03-03 01:07:46,837469516380549121,RT @The_Glitterman: Just cant stop with pics of my cats.. #Sorrynotsorry #CatsOfTwitter #cat https://t.co/OgwvIzDBdz,48,DOM_NYC,"Mission, Kansas 66202",https://t.co/AVKGuHjq8T,Musician.Writer.Visionary.,639,27,600,"Sorrynotsorry,CatsOfTwitter,cat",The_Glitterman
BQ_ueeR,2017-03-03 01:07:18,837469398839386112,RT @latiricienta: Creo que las pizzas del Perro Negro est√°n sobrevaloradas #SorryNotSorry https://t.co/dbxnkWEllQ,1,Bet Q. R.,,None,"Cuerpo des-organizado, fluido y random. Pol√≠tica, afectos y dudas. Hablo de #FeminismoS #noticias y #√±o√±adas.Tesista en rebeld√≠a, en el #BlogSecreto",61840,1630,2724,SorryNotSorry,latiricienta
LuniGraciano,2017-03-03 01:07:12,837469374126653441,Tengo un muy retorcido y raro crush por Boy Epic. #SorryNotSorry,0,Moon‚ô°,"Buenos Aires,Argentina ",None,Ilumina el mundo con tu sonrisa en vez de mojarlo con tus lagrimas....,8355,380,859,SorryNotSorry,
katehamada,2017-03-03 01:06:46,837469262298005504,RT @angiie_1: @sincerely_elie Some shizz I'd do üôà #SorryNotSorry üòåüòå https://t.co/148AdGbY9p,2,kate,,None,broke and broken,11226,285,175,SorryNotSorry,"angiie_1,sincerely_elie"
pipholman,2017-03-03 01:06:41,837469241976766464,@RoycedaVoyce is an absolute Beef Cake üòç I Never Get Bored of watching him on @NBCChicagoPD üôä #Sorrynotsorry,0,Pip Holman,,None,Totteridge FC Under 16 Physio/GK coach Flackwell Ladies FC Making people laugh!WWFC ARE THE TEAM FOR ME! 'Remeber no one ever loved you for being some your not',4615,954,2964,Sorrynotsorry,"RoycedaVoyce,NBCChicagoPD"
bluemodsu,2017-03-03 01:06:38,837469231230795776,RT @The_Glitterman: Just cant stop with pics of my cats.. #Sorrynotsorry #CatsOfTwitter #cat https://t.co/OgwvIzDBdz,48,BlueModus,"Miami, Florida",https://t.co/UVQbqn6AtY,Digital Marketing Technology and,1622,46,766,"Sorrynotsorry,CatsOfTwitter,cat",The_Glitterman
ZendayaRocks34,2017-03-03 01:06:08,837469104089018371,RT @ZenslayaRon: #KCAFavTVActress #Zendaya deserves it more then Dove #sorrynotsorry the truth hurts ! https://t.co/f2TFSSXSrh,1,"G, Zendaya, Miley","Hartford, WI",None,@G_Hannelius @Zendaya @MileyCyrus,2951,252,885,"KCAFavTVActress,Zendaya,sorrynotsorry",ZenslayaRon
ZenslayaRon,2017-03-03 01:05:36,837468969011380224,#KCAFavTVActress #Zendaya deserves it more then Dove #sorrynotsorry the truth hurts ! https://t.co/f2TFSSXSrh,1,üò∂,,None,#KCAFavTVActress #Zendaya,11716,537,224,"KCAFavTVActress,Zendaya,sorrynotsorry",
Aldugagliano,2017-03-03 01:05:28,837468934668451840,No arranca el f√∫tbol y yo feliz pq no pod√≠a ir a la cancha #SorryNotSorry,0,Aldu,Rosario,http://t.co/UcV1XEjY49,"Para que contar el tiempo que nos queda, para que contar el tiempo que se ha ido, si vivir es un regalo y un presente...",7540,194,201,SorryNotSorry,
Hilly79,2017-03-03 01:05:11,837468866880159744,So this happened üçÄüê∑#fionnmacools #flyingpigxl #sorrynotsorry‚Ä¶ https://t.co/ewhiW4a1vt,0,Hilarie McIntyre,"Keswick,ON,Can",None,I'm a really BIG DEAL!! :),384,45,175,"fionnmacools,flyingpigxl,sorrynotsorry",
Cheysobeautiful,2017-03-03 01:05:10,837468858814513155,I never in my life settled for that fuck shit #sorrynotsorry,0,‚ú®Supermom‚ú®,,None,"My grind comes from being a mother, there's no limits when raising a Queen. #GodiThankyou... D R E A M C H A S I N G!! #family1st #Blessed",6572,645,785,sorrynotsorry,
tashamarievg,2017-03-03 01:04:45,837468757345849348,"#sorrynotsorry for all the pk RTs, I'm literally incapable of controlling myself rn üôÉüò≠",0,natasha,true north,None,student. feminist. warrior. in progress.,7721,136,388,sorrynotsorry,
annabclaire2,2017-03-03 01:04:19,837468644934316033,RT @saramcgowan02: #sorrynotsorry https://t.co/ZFFuNio3FK,23,Anna Claire Will,,None,ahs '19 area VIIl,290,145,223,sorrynotsorry,saramcgowan02
markearlsyaex,2017-03-03 01:03:52,837468531985944576,RT @The_Glitterman: Just cant stop with pics of my cats.. #Sorrynotsorry #CatsOfTwitter #cat https://t.co/OgwvIzDBdz,48,Mark,Colorado Springs,https://t.co/z4noWJQkJX,& blues/jazz saxophone  player in,587,16,589,"Sorrynotsorry,CatsOfTwitter,cat",The_Glitterman
htezilvde,2017-03-03 01:03:06,837468339207192577,Todo lo que hago es consecuencia de tus actos. #Sorrynotsorry‚ò∫Ô∏è,0,üîÆ‚ú®,M√©xico,https://t.co/ziAdVkY3rE,Que todo fluya y nada influya.,94,47,83,Sorrynotsorry,
DigitalJustiLn,2017-03-03 01:02:30,837468188153643010,RT @The_Glitterman: Just cant stop with pics of my cats.. #Sorrynotsorry #CatsOfTwitter #cat https://t.co/OgwvIzDBdz,48,Mr. Justin,Northern California,None,"'m Famous....in my own mindFun  sized,Ô∏èFather,Entrepreneur, Photographer, Musician, Writer,500 startups,Tech StartupsAutonomous.ai",977,28,605,"Sorrynotsorry,CatsOfTwitter,cat",The_Glitterman
CSGraham_Writer,2017-03-03 01:01:59,837468058293784576,"#IfIWereHonestWithMyself I'd probably be a better Unicorn King, but it would detract from my duties as a Space Ninja. . . So, #sorrynotsorry",0,Chuck Graham,"London, Ontario",None,Aspiring comedy writer. . .with talent.,263,1683,4903,"IfIWereHonestWithMyself,sorrynotsorry",
christenleanne,2017-03-03 01:01:49,837468015709024261,I only have one child so why does it feel like I have five. #notyourmother #sorrynotsorry,0,christenleanne,Ardmore,None,family is everything to me. then comes baking and writing. and that's all you really need to know(;,4936,93,96,"notyourmother,sorrynotsorry",
ApeximagingMike,2017-03-03 01:01:38,837467969923973120,@Abbayy23 I'm Mike and slipped two quick naps in today as well. #NoShame #SorryNotSorry,0,Mike Schnelle,"Butler, PA",https://t.co/QHJfXIBtU0,"Professional photographer in Slippery Rock, PA. Specializing in sports photojournalism and editorial photography. I heard there was cake...",16147,820,809,"NoShame,SorryNotSorry",Abbayy23
lostpatronus,2017-03-03 01:01:31,837467943445348352,"Okay, we lost that fucking poll but we fought till the end without cheating, the other fandom can't relate #sorrynotsorry",0,bry !,mgc/4       ,None,"when i kissed him, that‚Äôs when it all changed",38413,3041,1194,sorrynotsorry,
